{"stat.walkOneCm":48145,"stat.entityKilledBy.Spider":1,"achievement.openInventory":1,"stat.leaveGame":3,"stat.damageTaken":520,"stat.mineBlock.minecraft.red_flower":2,"stat.flyOneCm":6346,"stat.deaths":2,"stat.pickup.minecraft.wheat_seeds":6,"stat.jump":101,"stat.swimOneCm":12,"stat.playOneMinute":12104,"stat.fallOneCm":685,"stat.pickup.minecraft.red_flower":2,"stat.damageDealt":39,"stat.timeSinceDeath":750,"stat.pickup.minecraft.dirt":2,"stat.sprintOneCm":21134,"stat.mineBlock.minecraft.dirt":4,"achievement.exploreAllBiomes":{"value":0,"progress":["ForestHills","Ocean","Plains"]},"stat.mineBlock.minecraft.tallgrass":52,"stat.diveOneCm":1114}