{"stat.walkOneCm":39333,"stat.leaveGame":8,"stat.drop.minecraft.porkchop":2,"stat.jump":72,"stat.swimOneCm":5038,"stat.fallOneCm":745,"stat.climbOneCm":532,"stat.pickup.minecraft.carrot":1,"stat.pickup.minecraft.porkchop":3,"stat.pickup.minecraft.dirt":4,"stat.sprintOneCm":29382,"achievement.exploreAllBiomes":{"value":0,"progress":["Beach","Ocean","Plains","Deep Ocean","Savanna"]},"stat.entityKilledBy.Spider":1,"achievement.openInventory":1,"stat.damageTaken":990,"stat.mineBlock.minecraft.red_flower":3,"stat.mobKills":2,"stat.flyOneCm":3445,"stat.deaths":4,"stat.pickup.minecraft.wheat_seeds":7,"stat.drop":2,"stat.playOneMinute":32471,"stat.pickup.minecraft.red_flower":4,"stat.damageDealt":506,"stat.timeSinceDeath":488,"stat.mineBlock.minecraft.dirt":4,"stat.killEntity.Pig":2,"stat.mineBlock.minecraft.tallgrass":32,"stat.diveOneCm":12121}